Input Number,Execution Time (seconds)
1,1.0069048404693604
2,0.9589941501617432
3,0.9850730895996094
4,0.9938414096832275
5,1.022308111190796
6,0.9594948291778564
7,0.9684226512908936
8,1.0334563255310059
