Input Number,Execution Time (seconds)
0,0.03728938102722168
1,0.0371248722076416
2,0.03464007377624512
3,0.03448367118835449
4,0.036759376525878906
5,0.033987998962402344
