Input Number,Execution Time (seconds)
0,0.015855073928833008
1,0.01635909080505371
2,0.015977859497070312
3,0.01609182357788086
4,0.015836000442504883
5,0.015726804733276367
