Input Number,Execution Time (seconds)
0,0.0019876956939697266
1,0.0009331703186035156
2,0.0008983612060546875
