Input Number,Execution Time (seconds)
1,5.4345170999877155
2,13.805389699991792
3,14.488861099816859
4,21.89917950006202
5,13.98981670010835
6,13.707095799967647
7,13.707804000005126
8,13.88709510001354
9,22.305473199812695
10,13.861631700070575
11,13.842329799896106
12,14.046644899994135
13,14.118329500081018
14,13.937941999873146
15,14.380584199912846
