Input Number,Execution Time (seconds)
0,0.1473231315612793
5,0.14499950408935547
