Input Number,Execution Time (seconds)
1,0.00449550012126565
2,0.006348599912598729
3,0.051507400115951896
4,0.13198679988272488
5,0.25585770001634955
6,0.4823761999141425
7,0.6815039999783039
8,1.046325899893418
9,1.5295367001090199
10,2.1013135998509824
11,2.9061600000131875
12,4.169930000090972
13,5.898498099995777
14,8.56445850012824
15,11.000371499918401
